"Site","stream","position","season","biomass_site_mean","number_site_mean","biomass_site_sd","number_site_sd","number_EPT","number_dip","number_fam","air temperature","Cl","conductivity","Cu","Flow","NH4","NO2","NO3","o2_mgL","o2_perc","pH","PO4","SO4","water_temp","max_sumTU_ms_pyr","Banks","curvature","depth","Distance field","distance housing","distance landscape-level","distance street","Flooding of shore","height landscape-level","Islands/Banks","land use: Agriculture","land use: Fallow","land use: Forest","land use: Housing","land use: Meadows & Pastures","land use: Other","max_width","min_width","pools","riffles","shading","shore vegetation cover:  Agriculture","shore vegetation cover:  Vegetation Free","shore vegetation cover: Forest","shore vegetation cover: Meadow","shore vegetation cover: Reed","shore vegetation cover: Shrubbery","shore vegetation cover: Tall Forbs","shore vegetation height:  Agriculture","shore vegetation height:  Meadow","shore vegetation height: Forest","shore vegetation height: Reed","shore vegetation height: Shrubbery","shore vegetation height: Tall Forbs","width","biomass_Diptera","number_Diptera","sd_biomass_Diptera","sd_number_Diptera","biomass_Ephemeroptera","number_Ephemeroptera","sd_number_Ephemeroptera","sd_biomass_Ephemeroptera","biomass_Trichoptera","number_Trichoptera","sd_biomass_Trichoptera","sd_number_Trichoptera","biomass_Plecoptera","number_Plecoptera","sd_biomass_Plecoptera","sd_number_Plecoptera"
"Dierbach_forest","Dierbach","forest","autumn",2.92480571428571,13.9928571428571,4.01511393031523,9.244005318732,3,10,10,22.9333333333333,5.66666666666667,102,0.05,0.162222222222222,0.1,0.00666666666666667,2.23333333333333,9.78,95.45,6.79333333333333,0.633333333333333,10,13.4666666666667,-7,6,NA,3.33333333333333,NA,NA,NA,NA,2,NA,3,NA,NA,NA,NA,NA,NA,68,28,20,80,80,NA,NA,NA,NA,NA,NA,NA,NA,NA,NA,NA,NA,NA,50,1.50513928571429,13.4880952380952,1.81321637793253,9.22014351532929,0.0338369047619048,0.202380952380952,0.141392713282858,0.744468135135953,0.934011904761905,0.0833333333333333,3.83637118429921,0.309320242379446,0.451817619047619,0.219047619047619,1.29187309754049,0.511869692412612
"Dierbach_forest","Dierbach","forest","spring",4.99103895833333,17.89375,8.8948564433966,23.0638500323648,4,10,10,12.925,10.3333333333333,130.75,0.1,0.145,0.0666666666666667,0.0133333333333333,2.33333333333333,10.1166666666667,92.8666666666667,7.16,0.166666666666667,18.6666666666667,9.525,-5.91095130675757,6,3,4.33333333333333,NA,1500,1.5,300,1,1.5,3,NA,NA,100,NA,NA,NA,140,50,20,80,85,NA,NA,100,NA,NA,NA,NA,20,20,22.5,20,20,20,98.3333333333333,3.418786875,16.0916666666667,8.09023267286491,22.3862332887919,0.29926875,0.1875,0.800802825884962,0.447514041348762,0,0,0,0,1.27298333333333,1.61458333333333,2.32452331505241,3.19734362751354
"Dierbach_forest","Dierbach","forest","summer",2.35771621621622,15.3423423423423,2.85602067709279,14.1539085223762,5,11,14,18.225,8.66666666666667,120.25,0.05,0.201666666666667,0.266666666666667,0.00833333333333333,3.16666666666667,9.8425,95.9,6.67,0.566666666666667,14.6666666666667,13.9,-7,5,6,8,NA,575,1,40,2,2,1,NA,NA,97.5,5,NA,NA,141,35,20,80,85,NA,10,50,NA,NA,20,30,NA,NA,20,NA,5,1,78.6666666666667,1.61757405405405,15.0108108108108,2.39168219877821,14.2127617277313,0.0266342342342342,0.0900900900900901,0.0960292674928598,0.310799930174697,0.356852252252252,0.0630630630630631,1.65255922880989,0.270320315686914,0.356655675675676,0.178378378378378,1.11005176346906,0.502844760192301
"Dierbach_vine","Dierbach","vine","autumn",0.706391666666667,4.62666666666667,0.99673181755227,3.3807435425635,1,8,8,23.0666666666667,8.66666666666667,196.666666666667,0.1,0.161111111111111,0.05,0.015,1.46666666666667,8.73,92.55,7.55333333333333,0.666666666666667,13.6666666666667,18.5333333333333,-0.576219619366655,4,NA,3.66666666666667,NA,NA,NA,NA,2,NA,1,NA,NA,NA,NA,NA,NA,60,40,40,60,50,NA,NA,NA,NA,NA,NA,NA,NA,NA,NA,NA,NA,NA,51.6666666666667,0.558271666666667,4.58666666666667,0.853680480870506,3.43273542741352,0,0,0,0,0.14812,0.04,0.662412777654538,0.178885438199983,0,0,0,0
"Dierbach_vine","Dierbach","vine","spring",2.19610266666667,28.0088888888889,1.98132882443106,30.272568837319,2,8,8,14.45,15.3333333333333,288.25,0.0666666666666667,0.15,0.133333333333333,0.02,2.3,9.52,91.2666666666667,8.0225,0.233333333333333,18,10.875,-3.36552968114965,4,6,9.66666666666667,25,1500,0.85,700,2,1.05,1,72.5,10,5,NA,20,NA,100,60,30,70,50,NA,NA,NA,NA,80,50,20,NA,NA,NA,2,2.5,1,76.3333333333333,2.16885933333333,27.9422222222222,1.99136199931986,30.2736522058365,0.01428,0.0333333333333333,0.0782147812117377,0.182574185835055,0,0,0,0,0.0129633333333333,0.0333333333333333,0.071003100871253,0.182574185835055
"Dierbach_vine","Dierbach","vine","summer",0.850430925925926,11.0555555555556,0.995819958963263,9.36113546226403,2,9,8,20.825,12.3333333333333,205.5,0.05,0.1875,0.05,0.0133333333333333,1.83333333333333,8.76666666666667,90.7,7.7275,0.833333333333333,10,16.55,-2.86872853461079,1,6,6.66666666666667,7.5,1000,1,500,2,1,1,65,27.5,NA,NA,20,NA,100,46,40,60,60,NA,NA,NA,7.5,10,75,7.5,NA,1,NA,2,3,1,75.3333333333333,0.800752222222222,10.9537037037037,0.944426402226694,9.27995374159851,0.0294342592592593,0.0648148148148148,0.142681385864219,0.27394176700671,0.0202444444444444,0.037037037037037,0.121466666666667,0.222222222222222,0,0,0,0
"Hainbach_forest","Hainbach","forest","autumn",2.22508259259259,9.91851851851852,4.98618182583301,16.4979468804721,1,5,5,27.75,4.33333333333333,119.5,0.0666666666666667,0.0816666666666667,0.05,0.00666666666666667,0.5,9.345,97.75,6.73,0.533333333333333,15,16.5,-0.558865798935674,3,NA,7,NA,NA,NA,NA,2,NA,1,NA,NA,NA,NA,NA,NA,92,30,60,40,40,NA,NA,NA,NA,NA,NA,NA,NA,NA,NA,NA,NA,NA,68,1.9419937037037,9.86296296296296,4.95819447106892,16.5313957154017,0,0,0,0,0.283088888888889,0.0555555555555556,1.20104443807139,0.235702260395516,0,0,0,0
"Hainbach_forest","Hainbach","forest","spring",2.38566261904762,8.05952380952381,4.1180460931704,11.4843008144572,2,5,5,14.025,7.33333333333333,123.75,0.116666666666667,0.240833333333333,0.0666666666666667,0.00833333333333333,1,10.6566666666667,97.8666666666667,7.7625,0.433333333333333,22.3333333333333,8.875,-3.35722093948881,4,4,12,NA,NA,1.25,25,2,2,1,NA,NA,100,NA,NA,NA,140,90,30,70,40,NA,NA,80,70,NA,25,NA,NA,0.1,15,NA,2.75,NA,105.666666666667,1.29657523809524,7.5547619047619,2.19629522117832,10.552132834106,0.947009523809524,0.404761904761905,2.9204602078132,1.13441177033203,0,0,0,0,0.142077857142857,0.1,0.460198433797109,0.295647437681113
"Hainbach_forest","Hainbach","forest","summer",0.821694,5.03555555555556,2.07079978656431,4.30694826072498,4,6,7,19.4,4.66666666666667,120.5,0.05,0.206666666666667,0.05,0.0116666666666667,1.13333333333333,9.97333333333333,100.033333333333,7.3025,0.733333333333333,23.6666666666667,14.3,-3.43109626370988,1,6,9.66666666666667,NA,1000,1.25,65,2,2,1,NA,NA,100,NA,NA,NA,120,60,20,80,30,NA,40,NA,NA,NA,NA,80,NA,NA,NA,NA,NA,1,95,0.177540444444444,4.44222222222222,0.32093408436958,4.30273844311201,0.386838888888889,0.4,1.15386049091595,0.789781481975888,0.257314666666667,0.193333333333333,0.999824203567577,0.54198443375874,0,0,0,0
"Hainbach_vine","Hainbach","vine","autumn",3.80850333333333,21.5481481481481,6.62642387845299,22.2686104065973,3,6,8,29.8666666666667,10,188.333333333333,0.05,0.113333333333333,0.0833333333333333,0.0133333333333333,0.933333333333333,7.56333333333333,84.8333333333333,6.69,0.966666666666667,23.6666666666667,20.1333333333333,-0.518552785731867,5,NA,7,NA,NA,NA,NA,2,NA,1,NA,NA,NA,NA,NA,NA,98,60,20,80,95,NA,NA,NA,NA,NA,NA,NA,NA,NA,NA,NA,NA,NA,77,2.48744888888889,21.0037037037037,3.19357113807082,21.9335952332206,0.394026666666667,0.377777777777778,0.810140483155273,0.802935789682426,0.927027777777778,0.166666666666667,3.87417663537999,0.514495755427527,0,0,0,0
"Hainbach_vine","Hainbach","vine","spring",16.2383249382716,101.666666666667,19.1873829572526,111.0966099939,2,7,8,12.3,12.6666666666667,198,0.05,0.225,0.0666666666666667,0.0133333333333333,1.5,9.75333333333333,92.4666666666667,8.0175,0.333333333333333,29.3333333333333,10.4,-2.8680789221442,2,6,38.6666666666667,13.5,1000,1.75,11,2,1.35,1,95,NA,NA,NA,NA,5,140,75,60,40,30,NA,NA,NA,NA,35,65,NA,NA,NA,NA,1.6,1.75,NA,109.333333333333,9.14596148148148,97.8444444444444,10.0373488578554,109.481149296498,6.77731530864198,3.78518518518519,14.8633683349966,6.75959168678699,0.315048148148148,0.037037037037037,1.63703819826924,0.192450089729875,0,0,0,0
"Hainbach_vine","Hainbach","vine","summer",8.14487352380952,22.3028571428571,11.000239592836,27.1687697627288,4,6,8,20.15,9.33333333333333,178.75,0.05,0.226666666666667,0.0666666666666667,0.0166666666666667,1.63333333333333,8.53333333333333,63.8666666666667,7.3675,1.33333333333333,26.3333333333333,17.15,0.55714605946791,1,6,12.6666666666667,20,900,10,12.5,2,2,1,100,NA,NA,NA,NA,NA,100,80,60,40,75,NA,NA,10,NA,NA,20,85,NA,NA,25,NA,3,2,93.3333333333333,1.45214933333333,20.6780952380952,2.64817446084119,26.2033899204663,0.532387809523809,0.744761904761905,0.993208890684434,1.1978723746531,6.16033638095238,0.88,10.483857488109,1.47509166658774,0,0,0,0
"Isenach_forest","Isenach","forest","autumn",0.236031666666667,3.2,0.415851230713539,3.6937120586112,3,4,7,16.3333333333333,21.6666666666667,164.333333333333,0.05,0.341111111111111,0.05,0.01,0.5,9.41,94.9,6.5,0.333333333333333,20.6666666666667,15.3,-7,6,NA,10.3333333333333,NA,NA,NA,NA,2,NA,1,NA,NA,NA,NA,NA,NA,266,180,30,70,90,NA,NA,NA,NA,NA,NA,NA,NA,NA,NA,NA,NA,NA,212,0.194323666666667,2.98,0.402974779130267,3.40540334319219,0.016792,0.04,0.0750961069563529,0.178885438199983,0,0,0,0,0.024916,0.18,0.0784164514425519,0.557815287292166
"Isenach_forest","Isenach","forest","spring",3.40525125,7.23125,4.98352231187473,7.61897243986527,5,5,8,11.425,27,187.25,0.0666666666666667,0.3475,0.0833333333333333,0.005,0.733333333333333,11.435,98.65,7.65,1.23333333333333,20,8.4,-2.75807740175678,2,4,22,NA,400,8,8,2,3.5,1,NA,NA,95,NA,NA,10,300,165,30,70,85,NA,NA,100,NA,NA,NA,NA,NA,NA,10,NA,NA,NA,243.666666666667,0.920827916666667,6.275,1.68790072356692,7.07866196375647,1.47326979166667,0.447916666666667,2.95994530254799,0.731323614681408,0.145395833333333,0.0416666666666667,0.822483037650153,0.235702260395516,0.865757708333333,0.466666666666667,2.75668947492254,0.932872390017706
"Isenach_forest","Isenach","forest","summer",2.8730806504065,6.88130081300813,6.52054556222148,6.47824585645634,6,6,12,15.85,25,176,0.05,0.376666666666667,0.166666666666667,0.0133333333333333,1.43333333333333,9.66,96.375,7.21,0.6,25.3333333333333,14.6,-7,4,4,12.6666666666667,1000,575,7.5,17.5,2,4,1,NA,NA,97.5,5,NA,NA,250,176,10,90,95,NA,NA,100,NA,NA,NA,NA,NA,NA,17.5,NA,NA,NA,193.333333333333,0.644626991869919,6.14146341463415,0.982315070626472,6.42832611912051,1.38839577235772,0.354471544715447,5.79592690133219,1.05434961778869,0.741661788617886,0.268292682926829,2.88178892250361,1.0360703327561,0.0983960975609756,0.117073170731707,0.386845543110413,0.449389830227827
"Isenach_vine","Isenach","vine","autumn",11.7154644444444,74.3086419753086,13.5979584522185,81.4547520519553,5,7,11,19.0333333333333,100,935.666666666667,0.0666666666666667,0.134444444444444,0.166666666666667,0.03,1.33333333333333,6.23666666666667,64.6666666666667,6.42666666666667,0.633333333333333,99,16.6666666666667,-0.545690286224629,1,NA,48.3333333333333,NA,NA,NA,NA,2,NA,1,NA,NA,NA,NA,NA,NA,420,380,100,0,50,NA,NA,NA,NA,NA,NA,NA,NA,NA,NA,NA,NA,NA,400,9.37651358024691,72.2123456790123,12.1100831957131,80.5511867564713,0.0491496296296296,0.0592592592592593,0.177648847264689,0.21350420507345,2.2898012345679,2.03703703703704,2.62886012140587,2.2229827758335,0,0,0,0
"Isenach_vine","Isenach","vine","spring",12.1621567741935,93.8494623655914,7.92355231466943,69.600751310849,3,6,7,12.575,100,851,0.05,0.245,0.166666666666667,0.0166666666666667,1.6,11.595,108.505,7.9525,1.8,81,10.325,-0.988866974013673,1,6,49.3333333333333,12.5,750,0.3,200,2,1,1,90,NA,NA,NA,30,50,450,340,70,30,40,NA,NA,50,100,50,NA,NA,NA,0.1,20,1.2,NA,NA,381.666666666667,10.1321015053763,93.0451612903226,7.69920170879663,69.4473301880706,1.19477268817204,0.606451612903226,2.82211880289043,1.36781575960005,0.835282580645161,0.197849462365591,2.80917964668991,0.466820251224607,0,0,0,0
"Isenach_vine","Isenach","vine","summer",8.10489904761905,81.6047619047619,6.57218162545115,57.2753864715934,4,6,11,20.425,100,658.25,0.0666666666666667,0.165833333333333,0.0666666666666667,0.0166666666666667,5.2,7.46333333333333,75.1,7.3575,0.5,61.6666666666667,16.2,-1.02718906497781,1,7,48.6666666666667,12.5,500,1,500,2,1,1,52.5,42.5,NA,NA,10,NA,410,370,100,0,50,NA,NA,10,80,32.5,NA,22.5,NA,1,20,2.5,NA,1.5,383.333333333333,7.05240079365079,80.852380952381,5.85770258074203,57.1657800034854,0.151990793650794,0.177777777777778,0.467702285744846,0.465076656365697,0.90050746031746,0.574603174603175,2.09830784204497,1.26267684690845,0,0,0,0
"Kaiserbach_forest","Kaiserbach","forest","autumn",0.748827272727273,13.0212121212121,0.776226516434827,22.8687942585907,1,7,7,24.5666666666667,26,331,0.05,0.0355555555555556,0.05,0.00833333333333333,5.43333333333333,9.745,97,7.62666666666667,1.06666666666667,23.6666666666667,14.4666666666667,-7,4,NA,14,NA,NA,NA,NA,2,NA,1,NA,NA,NA,NA,NA,NA,112,70,80,20,70,NA,NA,NA,NA,NA,NA,NA,NA,NA,NA,NA,NA,NA,96.3333333333333,0.604398484848485,12.6727272727273,0.791335006106553,22.9549170220285,0.144428787878788,0.348484848484848,0.271035283494585,0.612715982671315,0,0,0,0,0,0,0,0
"Kaiserbach_forest","Kaiserbach","forest","spring",3.61839786666667,4.16266666666667,7.16610422889662,4.4410158997939,2,6,6,15.55,30,289.25,0.0666666666666667,0.23,0.0666666666666667,0.01,4.56666666666667,10.59,98.7333333333333,7.7425,0.266666666666667,17.6666666666667,10.1,-2.26340117219621,5,4,12,NA,NA,1.35,250,1,1.65,1,NA,NA,60,NA,50,30,120,105,20,80,60,NA,NA,27.5,NA,72.5,NA,NA,NA,NA,12.5,2,NA,NA,113.333333333333,0.638140533333333,2.36266666666667,0.699483240592707,1.74516050413284,2.93638933333333,1.76,6.78533138645089,3.74724590223965,0,0,0,0,0.043868,0.04,0.21934,0.2
"Kaiserbach_forest","Kaiserbach","forest","summer",1.70580080808081,6.34141414141414,2.71088965725827,12.5716696227819,5,7,11,18.35,31,298.25,0.0666666666666667,0.135833333333333,0.1,0.0133333333333333,4.06666666666667,10.295,126.775,7.4975,0.9,24.3333333333333,13.625,-7,5,6,14,530,1000,1,225,2,1,1,NA,NA,70,NA,50,10,105,61,80,20,75,NA,NA,40,NA,10,30,20,NA,NA,25,2,3,1,90,0.588235353535354,5.21414141414141,1.14912584658282,12.5132125457649,0.752593737373737,0.915151515151515,2.19418376267041,1.59515522818947,0.319323232323232,0.151515151515152,1.43363801278438,0.534184926175885,0.0456484848484848,0.0606060606060606,0.262230580931663,0.348155311911396
"Kaiserbach_vine","Kaiserbach","vine","autumn",1.658089,10.9166666666667,2.76093299488371,11.4715794249495,3,4,7,24.5666666666667,100,2272.66666666667,0.0666666666666667,0.183333333333333,0.0666666666666667,0.00833333333333333,2.03333333333333,8.475,88.7,7.42666666666667,0.833333333333333,107.666666666667,18.0666666666667,-0.541832922743675,3,NA,30,NA,NA,NA,NA,2,NA,1,NA,NA,NA,NA,NA,NA,190,160,70,30,80,NA,NA,NA,NA,NA,NA,NA,NA,NA,NA,NA,NA,NA,178,0.222978333333333,10.2033333333333,0.321710224418376,11.6150029013195,0,0,0,0,1.43511066666667,0.713333333333333,2.78644803475461,1.22814937088002,0,0,0,0
"Kaiserbach_vine","Kaiserbach","vine","spring",5.46410896551724,23.0229885057471,6.7421323929944,20.1159675647811,3,4,6,13.125,66.6666666666667,867,0.0833333333333333,0.309166666666667,0.15,0.01,4.03333333333333,10.4866666666667,97.5,8.0525,0.433333333333333,53.6666666666667,9.975,-1.58632156569333,4,5,37,7,NA,1.25,20,2,1.95,1,77.5,NA,5,NA,20,NA,300,150,60,40,30,NA,20,20,55,NA,10,20,NA,0.2,10,NA,1,0.7,205,3.09612965517241,21.7241379310345,4.17671608160012,19.500978600906,1.68789885057471,1.17241379310345,3.70427299842543,2.10935311240646,0.680080459770115,0.126436781609195,2.65568636256447,0.52261395129757,0,0,0,0
"Kaiserbach_vine","Kaiserbach","vine","summer",11.1828552380952,11.6438095238095,11.1094963305289,13.2097601355387,7,6,11,20.475,100,1192.75,0.05,0.230833333333333,0.0833333333333333,0.01,1.7,8.555,90.175,7.8225,1.5,59.6666666666667,17.45,-1.27291780769284,2,6,22.3333333333333,7.5,1000,2,275,2,2,1,65,NA,NA,NA,35,NA,198,52,80,20,80,NA,NA,20,10,NA,45,30,NA,1,15,NA,4,2,159.666666666667,0.351575238095238,7.67619047619048,0.478877072682921,12.3018904212527,1.44857733333333,2.07238095238095,3.80751357063853,4.09544211595241,9.38270266666667,1.8952380952381,10.8375726858122,1.65638283869098,0,0,0,0
"Klingbach_forest","Klingbach","forest","autumn",2.14915974358974,11.5846153846154,3.01333489746595,7.45206447618812,4,6,9,22.0666666666667,18.3333333333333,393.333333333333,0.05,0.252222222222222,0.0666666666666667,0.00666666666666667,1.7,9.07,91.2,7.53666666666667,0.5,10,16.1666666666667,-7,5,NA,8.66666666666667,NA,NA,NA,NA,2,NA,1,NA,NA,NA,NA,NA,NA,276,200,30,70,80,NA,NA,NA,NA,NA,NA,NA,NA,NA,NA,NA,NA,NA,221.666666666667,0.585248717948718,9.96666666666667,0.676685321318608,7.20198120889893,0.645930256410256,1.45128205128205,0.841803099689086,1.91018860660944,0.917980769230769,0.166666666666667,2.89624921773237,0.492160768674447,0,0,0,0
"Klingbach_forest","Klingbach","forest","spring",13.4234189583333,57.8958333333333,9.51953124073574,64.7730461608884,2,5,4,10.5,25.6666666666667,357,0.0666666666666667,0.319166666666667,0.116666666666667,0.01,1.65,10.4333333333333,65.5666666666667,8.05,0.333333333333333,17.6666666666667,9.875,-6.22698574603939,5,3,11.5,NA,NA,0.9,400,1,0.6,2,NA,NA,100,NA,NA,NA,400,220,10,90,70,NA,NA,100,NA,NA,NA,NA,NA,NA,15,NA,NA,NA,273.333333333333,11.1822772916667,56.6875,9.84692436241224,64.9890190614254,2.22230416666667,1.17708333333333,3.13779847498016,1.69541734217794,0.0188375,0.03125,0.106560991924813,0.176776695296637,0,0,0,0
"Klingbach_forest","Klingbach","forest","summer",16.1361942528736,9.22528735632184,16.6679391910079,8.38112796502145,4,4,7,19.825,19,348,0.05,0.271666666666667,0.05,0.01,2.26666666666667,9.17666666666667,94.7,7.825,0.666666666666667,10,16.55,-7,2,4,NA,1000,NA,10.5,60,1,2,2,NA,NA,100,NA,NA,NA,NA,NA,10,90,80,NA,NA,70,NA,NA,20,10,NA,NA,20,NA,4,1,NA,0.86290183908046,5.84597701149425,2.35948135330755,7.32178969032121,1.56009126436782,1.51494252873563,3.8343061488317,2.36004415829848,13.7132011494253,1.86436781609195,16.5596108545936,2.12934767256858,0,0,0,0
"Klingbach_vine","Klingbach","vine","autumn",3.93998361111111,16.6611111111111,5.79333645574505,18.150630248614,3,4,7,24.5,17.3333333333333,417.666666666667,0.05,0.271111111111111,0.0666666666666667,0.0133333333333333,2.13333333333333,8.645,91.15,7.47666666666667,0.733333333333333,25,18.2,-0.558605957091125,5,NA,9.33333333333333,NA,NA,NA,NA,2,NA,1,NA,NA,NA,NA,NA,NA,255,187,30,70,60,NA,NA,NA,NA,NA,NA,NA,NA,NA,NA,NA,NA,NA,245.666666666667,0.753686944444445,15.425,0.694418862453577,17.6050477225712,0.432698333333333,0.636111111111111,0.993320903274529,1.14444327189096,2.75359833333333,0.6,5.48901784401297,0.975645457105712,0,0,0,0
"Klingbach_vine","Klingbach","vine","spring",5.25067833333333,12.747619047619,7.3459338878012,35.7144936384306,2,9,8,12.475,29.6666666666667,437.75,0.0666666666666667,0.324166666666667,0.0833333333333333,0.0166666666666667,4.1,10.4533333333333,97.3666666666667,8.0375,0.266666666666667,31,9.825,-0.511012100742246,3,6,15.6666666666667,100,250,0.5,325,2,0.55,1,42.5,NA,NA,15,50,NA,310,210,30,70,30,NA,NA,NA,70,NA,30,NA,NA,0.1,NA,NA,0.6,NA,280,0.967695952380952,9.70714285714286,2.44168624758497,35.9909103261128,3.72570976190476,2.95714285714286,5.31473067575897,4.34428679398395,0.557272619047619,0.0833333333333333,2.35372655606915,0.309320242379446,0,0,0,0
"Klingbach_vine","Klingbach","vine","summer",6.41022457142857,17.1619047619048,12.4418426982752,18.5668077279415,3,6,8,20.625,22.6666666666667,428.25,0.05,0.271666666666667,0.0666666666666667,0.02,2.13333333333333,8.53,90.05,7.7775,1.03333333333333,24,17.625,-0.935495656138029,2,6,12.1666666666667,10,550,1,100,1,1,1,45,NA,NA,10,50,NA,284,200,60,40,70,NA,NA,40,NA,NA,30,30,NA,NA,15,NA,2.5,1.5,236.666666666667,1.08186304761905,14.8266666666667,2.86860675397299,17.3685103082215,0.762617904761905,1.7847619047619,1.08467819548903,2.40462983246607,4.56574361904762,0.55047619047619,11.9210190139522,1.20264880395661,0,0,0,0
"Kropsbach_forest","Kropsbach","forest","autumn",2.10770071428571,43.3238095238095,2.62423995177994,47.5863095928881,1,8,7,22,22.3333333333333,186.666666666667,0.05,0.127777777777778,0.0833333333333333,0.00666666666666667,0.5,9.26333333333333,96.7333333333333,6.36,0.4,26.3333333333333,15.7333333333333,-7,5,NA,7.33333333333333,NA,NA,NA,NA,2,NA,3,NA,NA,NA,NA,NA,NA,100,45,30,70,70,NA,NA,NA,NA,NA,NA,NA,NA,NA,NA,NA,NA,NA,72.3333333333333,1.65754357142857,43.2666666666667,2.01483217717123,47.6168037566572,0,0,0,0,0.450157142857143,0.0571428571428571,1.78502994849626,0.209812211325185,0,0,0,0
"Kropsbach_forest","Kropsbach","forest","spring",5.65699711111111,22.8466666666667,6.01499916747275,24.8979843465505,5,7,10,13.35,28.6666666666667,199.5,0.05,0.33,0.0666666666666667,0.01,0.666666666666667,10.7666666666667,99.5666666666667,7.7,0.766666666666667,26,9.225,-6.2689404792661,4,4,9,NA,450,12,20,2,6.25,1,NA,NA,100,NA,NA,NA,200,100,20,80,70,NA,30,85,NA,NA,NA,NA,NA,NA,17.5,NA,NA,NA,137,1.93370044444444,21.2511111111111,2.10685806192107,24.9366503622662,0.142133333333333,0.133333333333333,0.445948654673791,0.406838102172486,0.129966666666667,0.0333333333333333,0.711856750570881,0.182574185835055,3.45119666666667,1.42888888888889,4.9440357482321,2.11534682958867
"Kropsbach_forest","Kropsbach","forest","summer",9.81899564102564,32.0282051282051,9.97467339227273,35.58074472059,6,11,14,18.65,20.3333333333333,170.75,0.0666666666666667,0.209166666666667,0.05,0.01,1.06666666666667,9.6825,98.6,7.1925,0.7,27.6666666666667,14.975,-7,4,6,9.66666666666667,1000,750,12,20,2,6.25,3,NA,NA,100,NA,NA,NA,120,36,40,60,50,NA,5,30,NA,NA,30,37.5,NA,NA,20,NA,2,1,98.3333333333333,3.36148076923077,30.1179487179487,5.50301315839155,35.3222991962984,0.107907692307692,0.0769230769230769,0.550223428743689,0.392232270276368,4.27208717948718,0.812820512820513,7.92725392214915,1.48497892010708,2.07752,1.02051282051282,4.90242220862137,2.20744350722886
"Kropsbach_vine","Kropsbach","vine","autumn",16.0888814285714,66.7761904761905,15.777669139822,66.9691611707433,4,6,8,25.1333333333333,50.3333333333333,439.666666666667,0.05,0.163333333333333,0.116666666666667,0.00833333333333333,0.833333333333333,8.91333333333333,96.7,6.91666666666667,0.733333333333333,46.3333333333333,19,-0.567701870877257,1,NA,28.6666666666667,NA,NA,NA,NA,2,NA,1,NA,NA,NA,NA,NA,NA,135,55,10,90,55,NA,NA,NA,NA,NA,NA,NA,NA,NA,NA,NA,NA,NA,86.6666666666667,5.25374785714286,63.0809523809524,4.47889173738805,65.3878592250794,0.398926904761905,0.526190476190476,0.576566449567627,0.743994177974983,10.4362066666667,3.16904761904762,13.3249637676637,2.76137272136349,0,0,0,0
"Kropsbach_vine","Kropsbach","vine","spring",21.7473892063492,82.7396825396825,19.448334064925,61.0604687712177,3,6,7,16.85,76.3333333333333,437.25,0.05,0.358333333333333,0.05,0.0166666666666667,1.73333333333333,10.6033333333333,103.9,8.405,0.6,40.3333333333333,12.05,-0.364756369924837,1,6,31.6666666666667,11.5,70,1.15,35,2,1.2,1,75,NA,NA,10,20,NA,220,100,30,70,5,NA,NA,NA,80,NA,25,70,NA,0.1,NA,NA,2.5,0.05,153.333333333333,9.9670653968254,79.6444444444444,7.59198651582622,58.3129615221306,2.76328412698413,1.34920634920635,5.02958434220981,2.49104215245166,9.01703968253968,1.74603174603175,16.7048190294817,2.88464278917928,0,0,0,0
"Kropsbach_vine","Kropsbach","vine","summer",23.4838613333333,67.7844444444444,21.6102628928995,80.7706932233489,5,7,11,22.95,22,364.75,0.05,0.196666666666667,0.05,0.01,1.33333333333333,9.36,101.925,8.115,1,42,18.175,-0.80570745214986,1,6,9,17.5,600,2,107.5,2,2,1,100,NA,NA,NA,NA,NA,160,16,10,90,50,NA,NA,NA,50,NA,50,NA,NA,0.2,NA,NA,0.75,NA,78.6666666666667,2.82888622222222,62.5266666666667,2.45481420169422,78.0045727120191,0.586809777777778,0.708888888888889,0.973800663279202,1.0913078144361,20.0681653333333,4.54888888888889,19.9622043877561,4.03314555783409,0,0,0,0
"Modenbach_forest","Modenbach","forest","autumn",13.3849542857143,36.4142857142857,18.9730263055914,29.9600961342959,5,5,10,25.8,10.5,207.75,0.0625,0.285,0.05,0.01,1.15,9.4225,97.4,6.6325,1.275,20.5,15.825,-7,1,NA,11,NA,NA,NA,NA,2,NA,2,NA,NA,NA,NA,NA,NA,210,130,20,80,80,NA,NA,NA,NA,NA,NA,NA,NA,NA,NA,NA,NA,NA,160,1.40627785714286,34.4190476190476,1.2910664592611,29.4833808646079,0.104641428571429,0.221428571428571,0.321921428551823,0.525890527164016,11.874035,1.77380952380952,19.2705320934462,2.81227990843065,0,0,0,0
"Modenbach_forest","Modenbach","forest","spring",10.2848195959596,14.3616161616162,9.98755477810982,9.72713887223425,7,6,11,14.975,13,155.65,0.1,0.354166666666667,0.05,0.0183333333333333,2.03333333333333,10.34,98.9666666666667,7.82,0.866666666666667,22,10.55,-6.26377463862536,5,2,14.6666666666667,NA,1000,2,150,1,0.6,1,NA,NA,85,NA,12.5,5,220,140,10,90,50,NA,NA,20,80,NA,80,NA,NA,0.1,15,NA,1,NA,166.666666666667,0.792930909090909,8.52525252525253,1.00450804473414,8.16166100972776,4.95773858585859,2.10707070707071,7.36955714926272,2.95098568249941,1.06777919191919,0.256565656565657,2.25180461637855,0.531016115083257,3.46637090909091,3.47272727272727,4.54651449931117,5.36084994391861
"Modenbach_forest","Modenbach","forest","summer",17.6952935042735,15.7897435897436,21.9400711883843,14.8582663582361,7,6,12,20.275,11.3333333333333,253,0.05,0.374166666666667,0.05,0.0133333333333333,1.23333333333333,10.89,101.875,7.3675,0.833333333333333,26.6666666666667,14.925,-7,4,2,17,1000,1000,2,15,2,0.6,1,NA,NA,95,NA,5,NA,200,76,10,90,70,NA,NA,15,NA,NA,42.5,42.5,NA,NA,15,NA,3.5,1,146,0.459305982905983,9.68205128205128,0.546105107737143,11.2119032563111,0.614391623931624,0.786324786324786,1.40500775687415,1.30111778190184,16.5030953846154,5.22393162393162,21.7337251629551,8.14654502420867,0.118500512820513,0.0974358974358974,0.476898269974838,0.372394230470867
"Modenbach_vine","Modenbach","vine","autumn",6.49862256410256,5.83333333333333,11.9968909053398,3.95810280030443,2,4,5,25.5333333333333,20,423.333333333333,0.05,0.225555555555556,0.0666666666666667,0.0133333333333333,3,8.55,91.9666666666667,6.97666666666667,0.766666666666667,39.3333333333333,18.3666666666667,-0.561511460691862,5,NA,12.3333333333333,NA,NA,NA,NA,2,NA,1,NA,NA,NA,NA,NA,NA,122,140,20,80,75,NA,NA,NA,NA,NA,NA,NA,NA,NA,NA,NA,NA,NA,200.666666666667,0.39415,4.31282051282051,0.479325808049412,3.78266310566249,0.273523846153846,0.402564102564103,0.710906076992323,0.990708975181044,5.83094871794872,1.11794871794872,12.0113089014637,2.29622358124002,0,0,0,0
"Modenbach_vine","Modenbach","vine","spring",9.17478717948718,18.9076923076923,11.3048157624633,19.4627034954147,5,6,9,14.45,24,362.75,0.05,0.373333333333333,0.05,0.01,2.23333333333333,10.3033333333333,97.9,8.0825,0.4,34.6666666666667,10.825,-0.777843497222737,4,4,26.3333333333333,5,500,0.75,45,2,1.2,1,97.5,NA,NA,NA,5,NA,320,190,15,85,85,NA,10,NA,80,NA,30,NA,NA,0.1,NA,NA,10,NA,239.666666666667,1.76823153846154,15.6461538461538,2.30565768978142,19.8717646186701,3.64245256410256,2.61538461538462,4.47455926122402,3.02970817471446,3.59664666666667,0.533333333333333,11.4017252476215,1.18704113941627,0.16745641025641,0.112820512820513,0.650598764678899,0.400341734363911
"Modenbach_vine","Modenbach","vine","summer",12.576682745098,10.9470588235294,17.7093214857041,13.1125537238716,6,4,9,20.7,21,373.25,0.05,0.343333333333333,0.05,0.0166666666666667,2.83333333333333,9.3825,97.055,7.645,1,35,16.6,-1.70972869242155,2,6,16,5,42.5,1,50,2,1.5,1,95,NA,NA,10,NA,NA,140,240,40,60,90,NA,NA,30,55,NA,20,20,NA,1,20,NA,4,2,228.666666666667,0.643694901960784,8.74901960784314,1.23060270737095,12.7694296013189,0.335786666666667,0.462745098039216,0.742096351760989,0.988682240553905,11.5972011764706,1.73529411764706,17.6548526552074,2.35665032463967,0,0,0,0
"Otterbach_forest","Otterbach","forest","autumn",0.661212666666667,10.5466666666667,0.780906851672468,10.6412108531432,4,6,10,21.9666666666667,5.33333333333333,182,0.0666666666666667,0.247777777777778,0.05,0.00666666666666667,1.13333333333333,10.305,98.55,7.44333333333333,0.533333333333333,10,14.4,-0.568502648367469,3,NA,7,NA,NA,NA,NA,2,NA,2,NA,NA,NA,NA,NA,NA,150,100,20,80,60,NA,NA,NA,NA,NA,NA,NA,NA,NA,NA,NA,NA,NA,113.333333333333,0.450677666666667,10.3466666666667,0.35221484661599,10.6747250262461,0.13794,0.1,0.565624343814682,0.307793505625546,0.072595,0.1,0.243008309312124,0.307793505625546,0,0,0,0
"Otterbach_forest","Otterbach","forest","spring",1.4643335483871,6.8494623655914,1.408083530027,5.33333243727591,3,7,9,12.45,39,173.25,0.0666666666666667,0.2375,0.0666666666666667,0.00833333333333333,1.5,10.5966666666667,98.2666666666667,7.4175,0.2,17.3333333333333,10.125,-6.26968349823588,5,2,9.66666666666667,NA,NA,3.5,25,1,1.35,2,NA,NA,17.5,NA,82.5,NA,200,100,20,80,80,NA,NA,20,80,NA,50,NA,NA,0.5,15,NA,0.6,NA,129,0.608806666666667,5.59139784946237,0.526228731022997,5.17033538379128,0.792511827956989,1.18279569892473,1.22062574995288,1.84358489277542,0,0,0,0,0.0630150537634409,0.0752688172043011,0.281928105734188,0.294513753930916
"Otterbach_forest","Otterbach","forest","summer",1.24537317460317,7.12380952380952,1.48246309555239,6.21953512023892,4,8,10,18.25,6.66666666666667,178,0.05,0.174166666666667,0.05,0.00833333333333333,1.53333333333333,10.2225,99.1,7.6975,0.866666666666667,10,13.2,-3.59052640218123,4,3,11.6666666666667,5,NA,3,20,2,1.5,2,NA,NA,NA,NA,100,NA,150,100,20,80,80,NA,NA,5,NA,NA,80,15,NA,NA,10,NA,2,1,128.333333333333,0.400578888888889,5.05396825396825,0.416226153445147,5.41134486477993,0.74841619047619,2.0031746031746,1.36466698931063,3.29726674624156,0.0963780952380952,0.0666666666666667,0.408649299887718,0.244616839923141,0,0,0,0
"Otterbach_vine","Otterbach","vine","autumn",1.61220031746032,7.62857142857143,2.04698904426257,9.81702764313271,1,7,7,19.85,12.5,278.666666666667,0.05,0.363333333333333,0.05,0.015,1.23333333333333,9.045,93.1,7.51,0.633333333333333,17.6666666666667,17.7666666666667,-0.228400441956335,5,NA,11.6666666666667,NA,NA,NA,NA,1,NA,2,NA,NA,NA,NA,NA,NA,165,140,20,80,90,NA,NA,NA,NA,NA,NA,NA,NA,NA,NA,NA,NA,NA,149.666666666667,0.727468888888889,6.08253968253968,1.3053409613981,8.32046752858155,0.884731428571429,1.54603174603175,1.71223106908585,3.02490543820016,0,0,0,0,0,0,0,0
"Otterbach_vine","Otterbach","vine","spring",6.00117517241379,26.7540229885057,8.88966212505592,29.0941880600313,2,3,5,13.475,22.6666666666667,269.75,0.0666666666666667,0.313333333333333,0.183333333333333,0.03,2.13333333333333,10.4366666666667,98.7666666666667,8.0875,0.2,22.6666666666667,10.75,-0.673960332029652,5,5,13.6666666666667,9,1000,1.5,300,1,1,1,82.5,NA,NA,NA,15,20,180,110,50,50,70,NA,20,30,45,NA,60,NA,NA,0.075,15,NA,1,NA,140,2.26331057471264,25.0436781609195,2.8361608182382,28.8927918503663,3.59476574712644,1.66436781609195,8.49999029429189,3.23058217558584,0,0,0,0,0.143098850574713,0.0459770114942529,0.770610894056342,0.247593784236069
"Otterbach_vine","Otterbach","vine","summer",2.24048023809524,9.12380952380952,3.84890049317919,11.5116075151898,2,6,5,18.425,17.3333333333333,296.25,0.05,0.295833333333333,0.0666666666666667,0.015,1.83333333333333,9.24,95.3666666666667,7.87,0.9,18,16.475,-1.18121023073432,5,7,9,15,1000,1.5,325,1,1.5,3,95,5,NA,NA,NA,NA,181,90,30,70,80,NA,NA,NA,40,NA,40,60,NA,1,NA,NA,3,1,137.666666666667,0.667201666666667,7.71428571428571,1.28000004904144,11.2961023489292,0.702589285714286,1.30238095238095,0.903853944511238,1.77002775015862,0.870689285714286,0.107142857142857,3.23844178389217,0.416269652125186,0,0,0,0
"Russbach_forest","Russbach","forest","autumn",4.20647179487179,10.0948717948718,4.38574865005577,11.1617947274827,2,9,9,16.4333333333333,4.33333333333333,86.7333333333333,0.05,0.155555555555556,0.05,0.005,2.5,9.835,95.1,6.87333333333333,0.433333333333333,10,13.3,-0.548237888261483,5,NA,6.66666666666667,NA,NA,NA,NA,1,NA,3,NA,NA,NA,NA,NA,NA,83,37,50,50,85,NA,NA,NA,NA,NA,NA,NA,NA,NA,NA,NA,NA,NA,61.3333333333333,3.72651794871795,9.99230769230769,3.88000512268884,11.181307050181,0,0,0,0,0.479953846153846,0.102564102564103,1.69558452392814,0.362328650926271,0,0,0,0
"Russbach_forest","Russbach","forest","spring",1.25036691358025,5.39753086419753,1.32225549969103,4.09880038658307,4,4,6,10,7.33333333333333,112.5,0.0666666666666667,0.188333333333333,0.0666666666666667,0.00666666666666667,2.73333333333333,10.9166666666667,98.1,7.4625,0.4,18,8,-6.24910844376213,5,2,6,NA,NA,6,15,1,2.6,3,NA,NA,100,NA,NA,NA,180,60,20,80,100,NA,37.5,62.5,NA,NA,NA,NA,NA,NA,15,NA,NA,NA,130,0.36740987654321,4.8,0.32005090164802,4.05597585926496,0.767475308641975,0.358024691358025,1.3526048517296,0.569344546862532,0.0284345679012346,0.0493827160493827,0.147750348888616,0.256600119639834,0.0870471604938272,0.190123456790123,0.233593880649023,0.49775691856987
"Russbach_forest","Russbach","forest","summer",1.56831980392157,8.28627450980392,1.86564288680375,4.96323261151751,5,12,14,17.625,6,121.5,0.05,0.180833333333333,0.05,0.01,2.13333333333333,9.8875,73.46,7.26,1.4,13.3333333333333,13.075,-3.08530303283723,3,3,6.66666666666667,1000,NA,11,20,1,NA,2,NA,NA,100,NA,NA,NA,132,33,50,50,90,NA,NA,90,NA,NA,10,10,NA,NA,12.5,NA,2,1,93,0.91604431372549,7.7156862745098,1.11603665062235,5.0957778475575,0.139094117647059,0.203921568627451,0.45965536622309,0.481283686538516,0.451572549019608,0.337254901960784,1.5933117089837,0.658933160105808,0.0616088235294118,0.0294117647058824,0.359238086298013,0.171498585142509
"Russbach_vine","Russbach","vine","autumn",1.38116106666667,18.3706666666667,1.75086125537276,13.6879925752734,2,5,6,18.2,9.33333333333333,325.666666666667,0.05,0.201111111111111,0.05,0.0116666666666667,1.03333333333333,8.895,90.45,7.83,0.633333333333333,24.6666666666667,17.3,-0.54328210013728,2,NA,5.66666666666667,NA,NA,NA,NA,2,NA,1,NA,NA,NA,NA,NA,NA,132,88,40,60,70,NA,NA,NA,NA,NA,NA,NA,NA,NA,NA,NA,NA,NA,108,0.406724533333333,17.0186666666667,0.458102142272352,12.8723292087819,0.574773866666667,1.21866666666667,0.630304245253742,1.41179161194404,0.399662666666667,0.133333333333333,1.10910562259267,0.372677996249965,0,0,0,0
"Russbach_vine","Russbach","vine","spring",7.88908933333333,26.6533333333333,7.1756318373736,22.8303891045831,2,5,4,12.75,16,336,0.0666666666666667,0.3425,0.1,0.0133333333333333,1.93333333333333,10.9366666666667,102.5,8.23,0.233333333333333,27.3333333333333,9.3,-0.854787309384883,2,4,11,4,1000,1.65,400,2,1.4,1,95,5,NA,NA,5,NA,110,90,30,70,70,40,35,NA,25,NA,60,NA,0,0.1,NA,NA,5,NA,100.333333333333,4.69547866666667,25.0133333333333,5.55244135639383,22.3344692911768,2.88743866666667,1.6,4.15539432750973,2.72335577306137,0.306172,0.04,1.53086,0.2,0,0,0,0
"Russbach_vine","Russbach","vine","summer",2.00606533333333,25.1047619047619,2.38756990999384,43.3379915617353,3,9,10,19.875,12.3333333333333,323.5,0.05,0.285,0.05,0.01,1.03333333333333,9.0975,74.275,7.96,0.8,23,17.2,-1.0112151084904,3,6,8.66666666666667,5,1000,1,200,2,1,2,100,NA,NA,NA,NA,NA,141,67,40,60,90,NA,NA,NA,NA,NA,45,55,NA,NA,NA,NA,4,1.75,121,0.829473714285714,23.6895238095238,1.11328605862756,43.4592377353517,0.947617333333333,1.35809523809524,1.78414450057698,1.92133434803457,0.228974285714286,0.0571428571428571,0.958649341320091,0.235504107976803,0,0,0,0
"Triefenbach_forest","Triefenbach","forest","autumn",3.94682538461538,26.7076923076923,5.16595716642561,28.156067130182,3,6,8,23.6333333333333,9.66666666666667,170,0.05,0.156666666666667,0.0666666666666667,0.005,0.833333333333333,9.61333333333333,99.7333333333333,6.68333333333333,0.8,14,16.2333333333333,-7,3,NA,6.33333333333333,NA,NA,NA,NA,2,NA,2,NA,NA,NA,NA,NA,NA,250,136,10,90,85,NA,NA,NA,NA,NA,NA,NA,NA,NA,NA,NA,NA,NA,165,2.87617538461538,26.4179487179487,3.45719914447636,28.1769239402573,0.00613461538461539,0.0384615384615385,0.0312805235545404,0.196116135138184,1.06451538461538,0.251282051282051,2.83659045200851,0.649186209837158,0,0,0,0
"Triefenbach_forest","Triefenbach","forest","spring",3.24102689655172,29.8666666666667,3.13166170689411,34.6238013373405,6,5,10,14.925,13,153.25,0.05,0.325833333333333,0.05,0.005,1.16666666666667,10.64,98.7666666666667,7.905,0.4,17.3333333333333,9.925,-6.26721169599191,5,3,12.3333333333333,NA,200,1.5,250,2,0.6,1,NA,NA,90,20,NA,NA,320,150,10,90,70,NA,NA,100,NA,NA,NA,NA,NA,NA,15,NA,NA,NA,223.333333333333,1.72278091954023,29.3172413793103,2.19635160505211,34.6082642445845,0.828779770114943,0.337931034482759,1.62314422128975,0.669501362537053,0.368310344827586,0.0804597701149425,1.44150985486568,0.304140376082225,0.321155862068966,0.131034482758621,1.25036830868096,0.428538586590571
"Triefenbach_forest","Triefenbach","forest","summer",5.86151575757576,7.81010101010101,7.64573483905693,5.94414093438332,7,5,11,19.7,12.3333333333333,157.75,0.05,0.245833333333333,0.05,0.01,1.23333333333333,10.0775,99.825,5.83,0.966666666666667,24.6666666666667,14.2,-7,2,2,25.6666666666667,1000,550,10.5,85,2,5.5,2,NA,NA,100,NA,NA,NA,250,120,10,90,85,NA,10,50,NA,NA,30,15,NA,NA,20,NA,3,2,195.666666666667,1.09345353535354,6.47070707070707,1.32319341644192,5.28493507249982,0.561720202020202,0.24040404040404,1.78338366700345,0.753130391901288,4.20251656565657,1.07474747474747,7.59279531374062,1.75995245956607,0.00382545454545455,0.0242424242424242,0.0219755632878473,0.139262124764558
"Triefenbach_vine","Triefenbach","vine","autumn",2.43301615384615,16.4820512820513,2.54208320009811,21.1826453720319,3,5,7,23,13.6666666666667,247,0.05,0.137777777777778,0.05,0.00666666666666667,1.66666666666667,9.1,96.2,6.68,0.466666666666667,27.3333333333333,17.2666666666667,0.209230403409577,3,NA,14,NA,NA,NA,NA,1,NA,1,NA,NA,NA,NA,NA,NA,170,140,70,30,90,NA,NA,NA,NA,NA,NA,NA,NA,NA,NA,NA,NA,NA,157.666666666667,1.59747179487179,15.2025641025641,2.03493281311163,20.6175112693111,0.533661282051282,1.21794871794872,0.743836420872867,1.72134910318701,0.301883076923077,0.0615384615384615,1.5393077000542,0.313785816221094,0,0,0,0
"Triefenbach_vine","Triefenbach","vine","spring",4.914474375,27.725,4.21800642594809,25.82311348316,5,6,10,15.975,13.6666666666667,216,0.283333333333333,0.253333333333333,0.05,0.00833333333333333,1.63333333333333,10.7166666666667,99.4666666666667,7.9125,0.666666666666667,51.6666666666667,9.625,-2.4665868695426,5,2,26,55,800,0.2,500,1,0.1,1,87.5,NA,10,5,NA,NA,220,160,30,70,30,NA,NA,NA,NA,NA,80,40,NA,NA,NA,NA,1.75,0.2,181.333333333333,2.96614145833333,26.3020833333333,2.82027605464797,25.8919895135106,1.61887041666667,1.31875,2.3595435132643,2.00563609981336,0.21795,0.0416666666666667,1.23291138367686,0.235702260395516,0.1115125,0.0625,0.630809959496519,0.353553390593274
"Triefenbach_vine","Triefenbach","vine","summer",5.6907765,20.3216666666667,5.9777655911975,22.8921011147359,6,5,11,18.625,14.3333333333333,215.25,0.05,0.208333333333333,0.05,0.0133333333333333,1.53333333333333,9.95,98.875,7.4075,0.966666666666667,28.6666666666667,14.375,-2.61170972079271,2,2,22.6666666666667,40,600,8,20,1,3,1,80,NA,20,NA,NA,NA,180,150,40,60,55,NA,NA,25,NA,20,25,40,NA,NA,12.5,2,3,2,163.333333333333,2.14943766666667,17.8833333333333,2.92227531230324,22.4834716119752,1.29153766666667,2.04333333333333,1.61873230818025,1.63825701276877,2.24980116666667,0.395,5.27435123613376,0.851663363266546,0,0,0,0
